"opcode","name","builtin","f1","f2","f3","i1","i2","o1","o2","m1","m2","token","comment",,,,
0,"dollar","$","Else","undef","undef","XX","YY","XX","YY","0","0","ARG","argument for put",,,,
1,"A0","$A0","Constant","undef","A0","F","HC","F","HC","0","0","CONST","Bohr radius",,,,
2,"Alpha","$ALPHA","Constant","undef","Alpha","F","HC","F","HC","0","0","CONST","1/137",,,,
3,"Amu","$AMU","Constant","undef","Amu","F","HC","F","HC","0","0","CONST","atomic mass unit",,,,
4,"C","$C","Constant","undef","C","F","HC","F","HC","0","0","CONST","light speed",,,,
5,"Cal","$CAL","Constant","undef","Cal","F","HC","F","HC","0","0","CONST","calorie to J",,,,
6,"Degree","$DEGREE","Constant","undef","Degree","F","HC","F","HC","0","0","CONST","degree to rad",,,,
7,"Ev","$EV","Constant","undef","Ev","F","HC","F","HC","0","0","CONST","electron volt",,,,
8,"False","$FALSE","Constant","undef","False","VV","VV","VV","VV","0","0","CONST","0bu",,,,
9,"Faraday","$FARADAY","Constant","undef","Faraday","F","HC","F","HC","0","0","CONST","Faraday constant",,,,
10,"G","$G","Constant","undef","G","F","HC","F","HC","0","0","CONST","gravity",,,,
11,"Gas","$GAS","Constant","undef","Gas","F","HC","F","HC","0","0","CONST","gas",,,,
12,"H","$H","Constant","undef","H","F","HC","F","HC","0","0","CONST","Planck",,,,
13,"Hbar","$HBAR","Constant","undef","Hbar","F","HC","F","HC","0","0","CONST","2*pi*Planck ",,,,
14,"I","$I","Constant","undef","I","F","HC","FC","HC","0","0","CONST","imaginary",,,,
15,"K","$K","Constant","undef","K","F","HC","F","HC","0","0","CONST","Boltzmann",,,,
16,"Me","$ME","Constant","undef","Me","F","HC","F","HC","0","0","CONST","mass electron",,,,
17,"Missing","$MISSING","Constant","undef","Missing","XX","YY","XX","YY","0","0","CONST+I","missing arg",,,,
18,"Mp","$MP","Constant","undef","Mp","F","HC","F","HC","0","0","CONST","mass proton",,,,
19,"N0","$N0","Constant","undef","N0","F","HC","F","HC","0","0","CONST","Loschmidt's numb",,,,
20,"Na","$NA","Constant","undef","Na","F","HC","F","HC","0","0","CONST","Avogadro number",,,,
21,"P0","$P0","Constant","undef","P0","F","HC","F","HC","0","0","CONST","atmospheric pres",,,,
22,"Pi","$PI","Constant","undef","Pi","F","HC","F","HC","0","0","CONST","pi",,,,
23,"Qe","$QE","Constant","undef","Qe","F","HC","F","HC","0","0","CONST","charge electron",,,,
24,"Re","$RE","Constant","undef","Re","F","HC","F","HC","0","0","CONST","classical el.rad",,,,
25,"Roprand","$ROPRAND","Constant","undef","Roprand","F","HC","F","HC","0","0","CONST+I","vax	bad floating",,,,
26,"Rydberg","$RYDBERG","Constant","undef","Rydberg","F","HC","F","HC","0","0","CONST","Rydberg constant",,,,
27,"T0","$T0","Constant","undef","T0","F","HC","F","HC","0","0","CONST","standard temp.",,,,
28,"Torr","$TORR","Constant","undef","Torr","F","HC","F","HC","0","0","CONST","1mm Hg pressure",,,,
29,"True","$TRUE","Constant","undef","True","VV","VV","VV","VV","0","0","CONST","1bu",,,,
30,"Value","$VALUE","Value","undef","undef","XX","YY","XX","YY","0","0","CONST","raw value in sig",,,,
31,"Abort","ABORT","Abort","undef","undef","XX","YY","XX","YY","0","255","OK+U","() ",,,,
32,"Abs","ABS","Same","Abs","Abs","BU","HC","BU","H","1","1","OK","f9	(a)",,,,
33,"Abs1","ABS1","Same","Abs","Abs1","BU","HC","BU","H","1","1","OK","(a) 1-norm",,,,
34,"AbsSq","ABSSQ","Same","Square","AbsSq","BU","HC","BU","H","1","1","OK","(a) abs(a)**2",,,,
35,"Achar","ACHAR","Same","Char","Char","BU","O","T","T","1","2","OK","f9	(i,[dummy_kind])",,,,
36,"Acos","ACOS","Same","None","Acos","F","HC","F","HC","1","1","OK","f9	(x)",,,,
37,"Acosd","ACOSD","Same","None","Acosd","F","HC","F","HC","1","1","OK","vax	(x)",,,,
38,"Add","ADD","Same","Add","Add","BU","HC","BU","HC","2","2","ADD+S","%	a+b",,,,
39,"Adjustl","ADJUSTL","Same","Adjust","Adjustl","BU","T","T","T","1","1","OK","f9	(string)",,,,
40,"Adjustr","ADJUSTR","Same","Adjust","Adjustr","BU","T","T","T","1","1","OK","f9	(string)",,,,
41,"Aimag","AIMAG","Same","Keep","Aimag","BU","HC","BU","H","1","1","OK","f9	(z)",,,,
42,"Aint","AINT","Same","Aint","Aint","F","HC","F","HC","1","2","OK","f9	(a,[kind])",,,,
43,"All","ALL","Trans","Mask1","All","BU","O","VV","VV","1","2","OK","f9	(mask,[dim])",,,,
44,"Allocated","ALLOCATED","Allocated","undef","undef","XX","YY","VV","VV","1","1","OK+U","f9	(array)",,,,
45,"And","AND","Same","Land","And","BU","O","VV","VV","2","2","LAND+N+S ","%	v&&w	v.AND.w",,,,
46,"AndNot","AND_NOT","Same","Land","AndNot","BU","O","VV","VV","2","2","LAND+N","%	(v,w)	v.AND..NOT.w",,,,
47,"Anint","ANINT","Same","Aint","Anint","F","HC","F","HC","1","2","OK","f9	(a,kind)",,,,
48,"Any","ANY","Trans","Mask1","Any","BU","O","VV","VV","1","2","OK","f9	(mask,[dim])",,,,
49,"Arg","ARG","Same","None","Arg","FC","HC","F","H","1","1","OK","(z) atan2(imag,real)",,,,
50,"Argd","ARGD","Same","None","Argd","FC","HC","F","H","1","1","OK","(z) atan2d(imag,real)",,,,
51,"ArgOf","ARG_OF","ArgOf","undef","undef"," FUNCTION","CONDITION","XX","YY","1","2","OK+I","mds	(ext_fun other,[n])",,,,
52,"Array","ARRAY","Array","undef","Zero","XX","YY","FLOAT","F","0","2","OK+U","([size],[kind])",,,,
53,"Asin","ASIN","Same","None","Asin","F","HC","F","HC","1","1","OK","f9	(x)",,,,
54,"Asind","ASIND","Same","None","Asind","F","HC","F","HC","1","1","OK","vax	(x)",,,,
55,"AsIs","AS_IS","AsIs","undef","undef","XX","YY","XX","YY","1","1","MODIFA+N","mds	(any) unevaluated",,,,
56,"Atan","ATAN","Same","None","Atan","F","HC","F","HC","1","1","OK","f9	(x)",,,,
57,"Atan2","ATAN2","Same","Atan2","Atan2","F","HC","F","HC","2","2","OK","f9	(y,x)",,,,
58,"Atan2d","ATAN2D","Same","Atan2","Atan2d","F","HC","F","HC","2","2","OK","vax	(y,x)",,,,
59,"Atand","ATAND","Same","None","Atand","F","HC","F","HC","1","1","OK","vax	(x)",,,,
60,"Atanh","ATANH","Same","None","Atanh","F","HC","F","HC","1","1","OK","vax	(x)",,,,
61,"AxisOf","AXIS_OF","AxisOf","undef","undef","DIMENSION","DIMENSION","SLOPE","SLOPE","1","1","OK+I","mds	(dimension)",,,,
62,"Backspace","BACKSPACE","Backspace","undef","undef","L","L","L","L","1","1","OK+U","f9	(unit)",,,,
63,"Ibclr","IBCLR","Same","Long2","Ibclr","XX","YY","XX","YY","2","2","OK","f9	(i,pos)",,,,
64,"BeginOf","BEGIN_OF","BeginOf","undef","undef","WINDOW","RANGE","XX","YY","1","2","OK+I","mds	(window or range)",,,,
65,"Ibits","IBITS","Same","Long2","Ibits","BU","L","BU","L","3","3","OK","f9	(i,pos,len)",,,,
66,"Break","BREAK","Break","undef","undef","XX","YY","XX","YY","0","0","BREAK+N+U","%cc BREAK;for,switch,while",,,,
67,"Bsearch","BSEARCH","Bsearch","undef","undef","T","HC","T","HC","2","4","OK","(a,table,[mode],[upcas])",,,,
68,"Ibset","IBSET","Same","Long2","Ibset","XX","YY","XX","YY","2","2","OK","f9	(i,pos)",,,,
69,"Btest","BTEST","Same","Btest","Btest","XX","YY","VV","VV","2","2","OK","f9	(i,pos)",,,,
70,"BuildAction","BUILD_ACTION","Build","undef","undef"," XX","YY","ACTION","ACTION","2","5","OK+I","mds	(dis,task,err,comp,perf)",,,,
71,"BuildCondition","BUILD_CONDITION","Build","undef","undef"," XX","YY","CONDITION","WU","2","2","OK+I","mds	(opcode,condition)",,,,
72,"BuildConglom","BUILD_CONGLOM","Build","undef","undef"," XX","YY","CONGLOM","CONGLOM","4","4","OK+I","mds	(image,model,name,qual)",,,,
73,"BuildDependency","BUILD_DEPENDENCY","Build","undef","undef"," XX","YY","DEPENDENCY","WU","3","3","OK+I","mds	(opcode,arg1,arg2)",,,,
74,"BuildDim","BUILD_DIM","Build","undef","undef"," XX","YY","DIMENSION","DIMENSION","2","2","OK+I","mds	(window,axis)",,,,
75,"BuildDispatch","BUILD_DISPATCH","Build","undef","undef"," XX","YY","DISPATCH","BU","5","5","OK+I","mds	(type,id,phase,when,com)",,,,
76,"BuildEvent","BUILD_EVENT","BuildPath","undef","undef"," T","T","EVENT","EVENT","1","1","OK+I","mds	(string)",,,,
77,"BuildFunction","BUILD_FUNCTION","Build","undef","undef"," XX","YY","FUNCTION","WU","1","254","OK+I","mds	(opcode,[arguments...])",,,,
78,"BuildMethod","BUILD_METHOD","Build","undef","undef"," XX","YY","METHOD","METHOD","3","254","OK+I","mds	(timeout,method,obj,...)",,,,
79,"BuildParam","BUILD_PARAM","Build","undef","undef"," XX","YY","PARAM","PARAM","3","3","OK+I","mds	(value,help,validation)",,,,
80,"BuildPath","BUILD_PATH","BuildPath","undef","undef"," T","T","PATH","PATH","1","1","OK+I","mds	(string)",,,,
81,"BuildProcedure","BUILD_PROCEDURE","Build","undef","undef"," XX","YY","PROCEDURE","PROCEDURE","3","254","OK+I","mds	(timeout,lang,proc,...)",,,,
82,"BuildProgram","BUILD_PROGRAM","Build","undef","undef"," XX","YY","PROGRAM","PROGRAM","2","2","OK+I","mds	(timeout,program)",,,,
83,"BuildRange","BUILD_RANGE","Build","undef","undef"," XX","YY","RANGE","RANGE","2","3","OK+I","mds	([low],[high],[step])",,,,
84,"BuildRoutine","BUILD_ROUTINE","Build","undef","undef"," XX","YY","ROUTINE","ROUTINE","3","254","OK+I","mds	(timeout,image,rout,..)",,,,
85,"BuildSignal","BUILD_SIGNAL","Build","undef","undef"," XX","YY","SIGNAL","SIGNAL","2","2+MAX_DIMS","OK+I","mds (data,raw,[dim...])",,,,
86,"BuildSlope","BUILD_SLOPE","Build","undef","undef"," XX","YY","SLOPE","SLOPE","1","254","OK+I","mds	(slope,[begin,end]...)",,,,
87,"BuildWindow","BUILD_WINDOW","Build","undef","undef"," XX","YY","WINDOW","WINDOW","3","3","OK+I","mds	(istart,iend,x_at_0)",,,,
88,"BuildWithUnits","BUILD_WITH_UNITS","Build","undef","undef"," XX","YY","WITH_UNITS","WITH_UNITS","2","2","OK+I","mds	(data,units)",,,,
89,"BuiltinOpcode","BUILTIN_OPCODE","Same","None","StringOpcode","T","T","W","W","1","1","OK","mds	(string)",,,,
90,"Byte","BYTE","Same","Keep","undef","B","B","B","B","1","1","CAST+N+I","%cc (a) (signed char)",,,,
91,"ByteUnsigned","BYTE_UNSIGNED","Same","Keep","undef","BU","BU","BU","BU","1","1","CAST+N+I","%cc (a) (unsigned char)",,,,
92,"Case","CASE","Case","undef","undef","XX","YY","XX","YY","2","254","CASE+N+U","%cc CASE(n)stmt switch_opt",,,,
93,"Ceiling","CEILING","Same","Aint","Ceiling","BU","HC","BU","HC","1","1","OK","f9	(a)",,,,
94,"Char","CHAR","Same","Char","Char","BU","O","T","T","1","2","OK","f9	(i,[kind])",,,,
95,"Class","CLASS","Class","undef","undef","XX","YY","BU","BU","1","1","OK","vms	(any)",,,,
96,"Fclose","FCLOSE","Fclose","undef","undef","L","L","L","L","1","1","OK+U","cc	(unit)",,,,
97,"Cmplx","CMPLX","Same","Cmplx","Cmplx","FC","HC","FC","HC","1","3","CAST+N+I","f9 (x,[y],[kind])",,,,
98,"Comma","COMMA","Comma","undef","undef","XX","YY","XX","YY","2","254","OK+S","%cc	a,b.. eval&keep last",,,,
99,"Compile","COMPILE","Compile","undef","undef"," T","T","FUNCTION","FUNCTION","1","254","OK","mds	(string,[arguments...])",,,,
100,"CompletionOf","COMPLETION_OF","CompletionOf","undef","undef"," ACTION","DISPATCH","XX","YY","1","1","OK+I","mds	(dispatch)",,,,
101,"Concat","CONCAT","MinMax","Concat","Concat","T","T","T","T","2","254","CONCAT+I","%f9 a//b...",,,,
102,"Conditional","CONDITIONAL","Conditional","Merge","Merge","XX","YY","XX","YY","3","3","COND+S","%cc	(t,f,c) c ? t : f",,,,
103,"Conjg","CONJG","Same","Keep","Conjg","BU","HC","BU","HC","1","1","OK","f9	(z)",,,,
104,"Continue","CONTINUE","Continue","undef","undef","XX","YY","XX","YY","0","0","BREAK+N+U","%cc CONTINUE; for,while",,,,
105,"Convolve","CONVOLVE","Convolve","undef","undef","BU","HC","BU","HC","2","2","OK","(z,z)",,,,
106,"Cos","COS","Same","NoHc","Cos","F","HC","F","HC","1","1","OK","f9	(z)",,,,
107,"Cosd","COSD","Same","None","Cosd","F","HC","F","HC","1","1","OK","vax	(x)",,,,
108,"Cosh","COSH","Same","None","Cosh","F","HC","F","HC","1","1","OK","f9	(x)",,,,
109,"Count","COUNT","Trans","Mask1","Count","BU","O","L","L","1","2","OK","f9	(mask,[dim])",,,,
110,"Cshift","CSHIFT","Shift","undef","Cshift","XX","YY","XX","YY","2","3","OK","f9	(array,shift,dim)",,,,
111,"Cvt","CVT","Same","Cvt","undef","XX","YY","XX","YY","2","2","OK+I","(a,mold)",,,,
112,"Data","DATA","Data","undef","undef","XX","YY","XX","YY","1","1","OK+I","mds	(any)",,,,
113,"DateAndTime","DATE_AND_TIME","DateAndTime","undef","undef","T","T","T","L","0","1","OK+U","f9variant ([string])",,,,
114,"DateTime","DATE_TIME","DateTime","undef","undef","XX","YY","T","T","0","1","OK+U","([quad])",,,,
115,"Dble","DBLE","Same","Dble","undef","BU","HC","WU","HC","1","1","OK","f9variant (a)",,,,
116,"Deallocate","DEALLOCATE","Deallocate","undef","undef","XX","YY","L","L","0","254","OK+U","(a...)",,,,
117,"Debug","DEBUG","Debug","undef","undef","L","L","L","L","0","1","OK+U","(option)",,,,
118,"Decode","DECODE","Decode","undef","undef","T","T","XX","YY","1","2","OK","f?	(fmt|*,text)",,,,
119,"Decompile","DECOMPILE","Decompile","undef","undef","XX","YY","T","T","1","2","OK","mds	(expression,[max_array])",,,,
120,"Decompress","DECOMPRESS","Decompress","undef","undef","XX","YY","XX","YY","4","4","OK","mds	([ima],[rou],shape,dat)",,,,
121,"Default","DEFAULT","Default","undef","undef","XX","YY","XX","YY","1","254","DEFAULT+N+U","%cc CASE DEFAULT stmt",,,,
122,"Derivative","DERIVATIVE","Trans","Sign","Derivative","XX","YY","XX","YY","2","3","OK","(z,dim,[dt]) axis diff",,,,
123,"Descr","DESCR","Else","undef","undef","XX","YY","XX","YY","1","1","OK","vax	(any)",,,,
124,"Diagonal","DIAGONAL","Diagonal","undef","undef","XX","YY","XX","YY","1","2","OK","(vector,[fill])",,,,
125,"Digits","DIGITS","Scalar","Any","Digits","BU","HC","L","L","1","1","OK","f9	(model)",,,,
126,"Dim","DIM","Same","Add","Dim","BU","HC","BU","HC","2","2","OK","f9	(x,y)",,,,
127,"DimOf","DIM_OF","DimOf","undef","undef"," XX","YY","DIMENSION","DIMENSION","1","2","OK","mds	(signal or VMS,[num])",,,,
128,"DispatchOf","DISPATCH_OF","DispatchOf","undef","undef","ACTION","DISPATCH","DISPATCH","DISPATCH","1","1","OK+I","mds (action)",,,,
129,"Divide","DIVIDE","Same","Divide","Divide","BU","HC","BU","HC","2","2","MUL+S","%	a/b",,,,
130,"Lbound","LBOUND","Bound","undef","Lbound","XX","YY","L","L","1","2","OK","f9	(array,[dim])",,,,
131,"Do","DO","Do","undef","undef","XX","YY","XX","YY","2","254","DO+N","%cc	DO stmt WHILE(expr)",,,,
132,"DotProduct","DOT_PRODUCT","Scalar","Multiply","DotProduct","BU","HC","BU","HC","2","2","OK","f9variant (vec_a,vec_b)",,,,
133,"Dprod","DPROD","Same","Dprod","Multiply","BU","HC","WU","HC","2","2","OK","f9variant (x,y)",,,,
134,"Dscptr","DSCPTR","Dscptr","undef","undef","XX","YY","XX","YY","1","2","OK+I","mds	(any_class_R,[num])",,,,
135,"Shape","SHAPE","Bound","undef","Shape","XX","YY","L","L","1","2","OK","f9	(array,[dim])",,,,
136,"Size","SIZE","Bound","undef","Size","XX","YY","L","L","1","2","OK","f9	(array,[dim])",,,,
137,"Kind","KIND","Kind","undef","undef","XX","YY","BU","BU","1","1","OK","f9	(any)",,,,
138,"Ubound","UBOUND","Bound","undef","Ubound","XX","YY","L","L","1","2","OK","f9	(array,[dim])",,,,
139,"DComplex","D_COMPLEX","Same","Cmplx","Complex","D","D","DC","DC","1","2","CAST+N+I","%	(x,y)",,,,
140,"DFloat","D_FLOAT","Same","Keep","undef","D","D","D","D","1","1","CAST+N+I","%	(a)",,,,
141,"Range","RANGE","Scalar","Any","Range","F","HC","L","L","1","1","OK","f9	(model)",,,,
142,"Precision","PRECISION","Scalar","Any","Precision","F","HC","L","L","1","1","OK","f9	(model)",,,,
143,"Elbound","ELBOUND","Ebound","undef","Elbound","XX","YY","BU","H","1","2","OK","(array,[dim])",,,,
144,"Else","ELSE","Else","undef","undef","XX","YY","XX","YY","0","0","ELSE+N+I","%cc placeholder IF",,,,
145,"Elsewhere","ELSEWHERE","Else","undef","undef","XX","YY","XX","YY","0","0","ELSEW+N+I","%f9 placeholder WHERE",,,,
146,"Encode","ENCODE","Encode","undef","undef","XX","YY","T","T","1","254","OK","%	(fmt|*,arg...)",,,,
147,"Endfile","ENDFILE","Endfile","undef","undef","L","L","L","L","1","1","OK+U","f9	(unit)",,,,
148,"EndOf","END_OF","EndOf","undef","undef"," WINDOW","RANGE","XX","YY","1","2","OK+I","mds	(window slope,[n] range)",,,,
149,"Eoshift","EOSHIFT","Shift","undef","Eoshift","XX","YY","XX","YY","3","4","OK","f9	(arr,dim,shift,[bndry])",,,,
150,"Epsilon","EPSILON","Scalar","Keep","Epsilon","F","HC","F","HC","1","1","OK","f9	(model)",,,,
151,"Eq","EQ","Same","Eq","Eq","XX","YY","VV","VV","2","2","LEQ+N+S","%	a==b	a.EQ.b",,,,
152,"Equals","EQUALS","Equals","undef","undef","XX","YY","XX","YY","2","2","OK+S+U","%	a = b",,,,
153,"EqualsFirst","EQUALS_FIRST","EqualsFirst","undef","undef","XX","YY","XX","YY","1","1","OK+S+U","%	a binop = b",,,,
154,"Eqv","EQV","Same","Land","Eqv","BU","O","VV","VV","2","2","LEQV+N","%	(v,w)	v.EQV.w",,,,
155,"Eshape","ESHAPE","Ebound","undef","Eshape","XX","YY","BU","H","1","2","OK","(array,[dim])",,,,
156,"Esize","ESIZE","Ebound","undef","Esize","XX","YY","BU","H","1","2","OK","(array,[dim])",,,,
157,"Eubound","EUBOUND","Ebound","undef","Eubound","XX","YY","BU","H","1","2","OK","(array,[dim])",,,,
158,"Evaluate","EVALUATE","Evaluate","undef","undef","XX","YY","XX","YY","1","1","OK","(reeval_expression)",,,,
159,"Execute","EXECUTE","Execute","undef","undef","T","T","XX","YY","1","254","OK","(string,[arguments...])",,,,
160,"Exp","EXP","Same","NoHc","Exp","F","HC","F","HC","1","1","OK","f9	(z)",,,,
161,"Exponent","EXPONENT","Same","Keep","Exponent","F","HC","L","L","1","1","OK","f9	(x)",,,,
162,"ExtFunction","EXT_FUNCTION","ExtFunction","undef","undef","XX","YY","XX","YY","2","254","OK+S+U","mds (image,routine,a...)",,,,
163,"Fft","FFT","Fft","undef","undef","FC","HC","FC","HC","2","2","OK","(array,direction)",,,,
164,"FirstLoc","FIRSTLOC","Trans","Mask1","FirstLoc","BU","O","VV","VV","1","2","OK","(mask,[dim])",,,,
165,"Fit","FIT","Fit","undef","undef","F","HC","F","HC","2","2","OK","(X_guess,residuals(X))",,,,
166,"FixRoprand","FIX_ROPRAND","Same","Fix","FixRoprand","BU","HC","BU","HC","2","2","OK","(a,replacement)",,,,
167,"Float","FLOAT","Same","Real","undef","F","H","F","H","1","2","CAST+N+I","(a,[kind])",,,,
168,"Floor","FLOOR","Same","Aint","Floor","F","HC","F","HC","1","1","OK","f9	(x)",,,,
169,"For","FOR","For","undef","undef","XX","YY","XX","YY","4","254","FOR+N","%cc	FOR(expr;expr;expr)stmt",,,,
170,"Fraction","FRACTION","Same","Keep","Fraction","F","HC","F","HC","1","1","OK","f9	(x)",,,,
171,"Fun","FUN","Fun","undef","undef","XX","YY","YY","YY","2","254","FUN+N+U","[public] fun name(a...)stmt",,,,
172,"FComplex","F_COMPLEX","Same","Cmplx","Complex","F","F","FC","FC","1","2","CAST+N+I","%	(x,y)",,,,
173,"FFloat","F_FLOAT","Same","Keep","undef","F","F","F","F","1","1","CAST+N+I","%	(a)",,,,
174,"Ge","GE","Same","Eq","Ge","XX","YY","VV","VV","2","2","LGE+N+S","%	a>=b	a.GE.b",,,,
175,"GetNci","GETNCI","GetNci","undef","undef","NID","NID","XX","YY","2","3","OK+U","mds	(nid,item_str,[usage])",,,,
176,"Goto","GOTO","Goto","undef","undef","XX","YY","XX","YY","1","1","GOTO+N+U","%cc GOTO label;",,,,
177,"Gt","GT","Same","Eq","Gt","XX","YY","VV","VV","2","2","LGE+N+S","%	a>b	a.GT.b",,,,
178,"GComplex","G_COMPLEX","Same","Cmplx","Complex","G","G","GC","GC","1","2","CAST+N+I","%	(x,y)",,,,
179,"GFloat","G_FLOAT","Same","Keep","undef","G","G","G","G","1","1","CAST+N+I","%	(a)",,,,
180,"HelpOf","HELP_OF","HelpOf","undef","undef","PARAM","PARAM","T","T","1","1","OK+I","mds	(param)",,,,
181,"Huge","HUGE","Scalar","Keep","Huge","BU","HC","BU","H","1","1","OK","f9	(model)",,,,
182,"HComplex","H_COMPLEX","Same","Cmplx","Complex","HC","HC","HC","HC","1","2","CAST+N+I","%	(x,y)",,,,
183,"HFloat","H_FLOAT","Same","Keep","undef","H","H","H","H","1","1","CAST+N+I","%	(a)",,,,
184,"Iachar","IACHAR","Same","Keep","Ichar","T","T","BU","BU","1","1","OK","f9	(character)",,,,
185,"Iand","IAND","Same","Iand","Iand","BU","O","BU","OU","2","2","IAND+S","f9	i&j iand(i,j)",,,,
186,"IandNot","IAND_NOT","Same","Iand","IandNot","BU","O","BU","OU","2","2","IAND","(i,j)",,,,
187,"Ichar","ICHAR","Same","Keep","Ichar","T","T","BU","BU","1","1","OK","f9	(character)",,,,
188,"IdentOf","IDENT_OF","IdentOf","undef","undef"," ACTION","DISPATCH","T","T","1","1","OK+I","mds	(dispatch)",,,,
189,"If","IF","If","undef","undef","XX","YY","XX","YY","2","3","IF+N","%cc	IF(expr)stmt",,,,
190,"IfError","IF_ERROR","IfError","undef","undef","XX","YY","XX","YY","1","254","OK","(a..) a, if (error) b..",,,,
191,"ImageOf","IMAGE_OF","ImageOf","undef","undef"," FUNCTION","ROUTINE","T","T","1","1","OK+I","mds	(ext_f conglom routine)",,,,
192,"In","IN","Else","undef","undef","XX","YY","XX","YY","1","1","MODIFA+N","IN a	read only",,,,
193,"Inand","INAND","Same","Iand","Inand","BU","O","BU","OU","2","2","IAND","(i,j)",,,,
194,"InandNot","INAND_NOT","Same","Iand","InandNot","BU","O","BU","OU","2","2","IAND","(i,j)",,,,
195,"Index","INDEX","Same","Ttb","Index","T","T","SUBSCRIPT","SUBSCRIPT","2","3","OK","f9	(string,substr,[back])",,,,
196,"Inor","INOR","Same","Iand","Inor","BU","O","BU","OU","2","2","IOR","(i,j)",,,,
197,"InorNot","INOR_NOT","Same","Iand","InorNot","BU","O","BU","OU","2","2","IOR","(i,j)",,,,
198,"Inot","INOT","Same","Keep","Inot","BU","O","BU","OU","1","1","UNARY+S","%cc	~a	\\not(a)\\",,,,
199,"InOut","INOUT","Else","undef","undef","XX","YY","XX","YY","1","1","MODIFA+N","INOUT a	read/write",,,,
200,"Inquire","INQUIRE","Inquire","undef","undef","XX","YY","XX","YY","2","2","OK+U","%f9	(unit|file,select)",,,,
201,"Int","INT","Same","Real","undef","B","O","B","O","1","2","CAST+N+I","f9	(a,[kind])",,,,
202,"Integral","INTEGRAL","Trans","Sign","Integral","BU","HC","BU","HC","2","3","OK","(a,dim,[dt]) axis sum",,,,
203,"Interpol","INTERPOL","Interpol","undef","undef","BU","HC","BU","HC","2","3","OK","(a,n) or (a,xin,xout)",,,,
204,"Intersect","INTERSECT","Intersect","undef","undef","XX","YY","XX","YY","0","254","OK","(a,...)",,,,
205,"IntUnsigned","INT_UNSIGNED","Same","Keep","undef","BU","OU","BU","OU","1","1","CAST+N+I","%	(a) (unsigned int) zext",,,,
206,"Inverse","INVERSE","Same","Inverse","Inverse","F","HC","F","HC","1","1","OK","(matrix)",,,,
207,"Ior","IOR","Same","Iand","Ior","BU","O","BU","OU","2","2","IOR+S","f9	i|j ior(i,j)",,,,
208,"IorNot","IOR_NOT","Same","Iand","IorNot","BU","O","BU","OU","2","2","IOR","(i,j)",,,,
209,"IsIn","IS_IN","IsIn","undef","undef","T","HC","VV","VV","2","3","IN+N","%	a IS_IN b rng/lst upcase",,,,
210,"Ieor","IEOR","Same","Iand","Ieor","BU","O","BU","OU","2","2","IXOR","(i,j)",,,,
211,"IeorNot","IEOR_NOT","Same","Iand","IeorNot","BU","O","BU","OU","2","2","IXOR","(i,j)",,,,
212,"Label","LABEL","Label","undef","undef","XX","YY","XX","YY","2","254","LABEL+N+U","% LABEL label: stmt",,,,
213,"Laminate","LAMINATE","Laminate","undef","undef","XX","YY","XX","YY","2","254","OK+S","%	{{a1,a2},...{z1,z2}}",,,,
214,"LanguageOf","LANGUAGE_OF","LanguageOf","undef","undef"," PROCEDURE","PROCEDURE","XX","YY","1","1","OK+I","mds	(procedure)",,,,
215,"LastLoc","LASTLOC","Trans","Mask1","LastLoc","BU","O","VV","VV","1","2","OK","(mask,[dim])",,,,
216,"Le","LE","Same","Eq","Le","XX","YY","VV","VV","2","2","LGE+N+S","%	a<=b	a.LE.b",,,,
217,"Len","LEN","Scalar","Any","Len","XX","YY","L","L","1","1","OK","f9+	(string or other)",,,,
218,"LenTrim","LEN_TRIM","Same","Any","LenTrim","BU","T","L","L","1","1","OK","f9	(string)",,,,
219,"Lge","LGE","Same","Eq","Ge","T","T","VV","VV","2","2","OK","f9	(string_a,string_b)",,,,
220,"Lgt","LGT","Same","Eq","Gt","T","T","VV","VV","2","2","OK","f9	(string_a,string_b)",,,,
221,"Lle","LLE","Same","Eq","Le","T","T","VV","VV","2","2","OK","f9	(string_a,string_b)",,,,
222,"Llt","LLT","Same","Eq","Lt","T","T","VV","VV","2","2","OK","f9	(string_a,string_b)",,,,
223,"Log","LOG","Same","NoHc","Log","F","HC","F","HC","1","1","OK","f9	(z)",,,,
224,"Log10","LOG10","Same","None","Log10","F","HC","F","HC","1","1","OK","f9	(x)",,,,
225,"Log2","LOG2","Same","None","Log2","F","HC","F","HC","1","1","OK","vax	(x)",,,,
226,"Logical","LOGICAL","Same","Not","Logical","BU","O","VV","VV","1","2","OK","f9	(a,[kind])",,,,
227,"Long","LONG","Same","Keep","undef","L","L","L","L","1","1","CAST+N+I","%	(a) (signed long)",,,,
228,"LongUnsigned","LONG_UNSIGNED","Same","Keep","undef","LU","LU","LU","LU","1","1","CAST+N+I","%	(a) (unsigned long)",,,,
229,"Lt","LT","Same","Eq","Lt","XX","YY","VV","VV","2","2","LGE+N+S","%	a<b	a.LT.b",,,,
230,"Matmul","MATMUL","Matmul","undef","undef","BU","HC","BU","HC","2","2","OK","f9	(matrix_a,matrix_b)",,,,
231,"MatRot","MAT_ROT","Matrix","undef","MatRot","F","HC","F","HC","2","5","OK","(mat,angle,mag,x0,y0)",,,,
232,"MatRotInt","MAT_ROT_INT","Matrix","undef","MatRotInt","F","HC","F","HC","2","5","OK","(mat,angle,mag,x0,y0)",,,,
233,"Max","MAX","MinMax","Add","Max","BU","HC","BU","HC","2","254","OK","f9	(x,y..)",,,,
234,"MaxExponent","MAXEXPONENT","Scalar","Any","MaxExponent","F","HC","L","L","1","1","OK","f9	(model)",,,,
235,"MaxLoc","MAXLOC","Trans","Mask3L","MaxLoc","T","HC","SUBSCRIPT","SUBSCRIPT","1","3","OK","f9	(x,[dim],[mask])",,,,
236,"MaxVal","MAXVAL","Trans","Mask3","MaxVal","T","HC","T","HC","1","3","OK","f9	(x,[dim],[mask])",,,,
237,"Mean","MEAN","Trans","Mask3","Mean","BU","HC","F","HC","1","3","OK","(x,[dim],[mask])",,,,
238,"Median","MEDIAN","Same","Long2","Median","BU","HC","BU","HC","2","2","OK","(a,width)",,,,
239,"Merge","MERGE","Same","Merge","Merge","XX","YY","XX","YY","3","3","OK","f9	(tsource,fsource,mask)",,,,
240,"MethodOf","METHOD_OF","MethodOf","undef","undef"," METHOD","METHOD","XX","YY","1","1","OK+I","mds	(method)",,,,
241,"Min","MIN","MinMax","Add","Min","BU","HC","BU","HC","2","254","OK","f9	(x,y..)",,,,
242,"MinExponent","MINEXPONENT","Scalar","Any","MinExponent","F","HC","L","L","1","1","OK","f9	(model)",,,,
243,"MinLoc","MINLOC","Trans","Mask3L","MinLoc","T","HC","SUBSCRIPT","SUBSCRIPT","1","3","OK","f9	(x,[dim], [mask])",,,,
244,"MinVal","MINVAL","Trans","Mask3","MinVal","T","HC","T","HC","1","3","OK","f9	(x,[dim],[mask])",,,,
245,"Mod","MOD","Same","Add","Mod","BU","HC","BU","HC","2","2","MOD+N","f9	(a,p)",,,,
246,"ModelOf","MODEL_OF","ModelOf","undef","undef"," CONGLOM","CONGLOM","XX","YY","1","1","OK+I","mds	(conglom)",,,,
247,"Multiply","MULTIPLY","Same","Multiply","Multiply","BU","HC","BU","HC","2","2","MUL+S","%	a*b",,,,
248,"NameOf","NAME_OF","NameOf","undef","undef","CONGLOM","CONGLOM","T","T","1","1","OK+I","mds	(conglom)",,,,
249,"Nand","NAND","Same","Land","Nand","BU","O","VV","VV","2","2","LAND+N","%	(v,w)	.NOT.(v.AND.w)",,,,
250,"NandNot","NAND_NOT","Same","Land","NandNot","BU","O","VV","VV","2","2","LAND+N","%	(v,w)	.NOT.v.OR.w",,,,
251,"Ndesc","NDESC","Ndesc","undef","undef"," PARAM","WITH_UNITS","BU","BU","1","1","OK","mds	(class_R)",,,,
252,"Ne","NE","Same","Eq","Ne","XX","YY","VV","VV","2","2","LEQ+N+S","%	a!=b a/=b a<>b a.NE.b",,,,
253,"Nearest","NEAREST","Same","Sign","Nearest","F","HC","F","HC","2","2","OK","f9	(x,s)",,,,
254,"Neqv","NEQV","Same","Land","Neqv","BU","O","VV","VV","2","2","LEQV+N","%	(v,w)	v.NEQV.w",,,,
255,"Nint","NINT","Same","Aint","Nint","BU","HC","L","L","1","2","OK","f9	(x,[kind])",,,,
256,"Nor","NOR","Same","Land","Nor","BU","O","VV","VV","2","2","LOR+N","%	(v,w)	.NOT.(v.OR.w)",,,,
257,"NorNot","NOR_NOT","Same","Land","NorNot","BU","O","VV","VV","2","2","LOR+N","%	(v,w)	.NOT.v.AND.w",,,,
258,"Not","NOT","Same","Not","Not","BU","O","VV","VV","1","1","UNARY+N+S","%	!a	.NOT.a",,,,
259,"ObjectOf","OBJECT_OF","ObjectOf","undef","undef"," METHOD","METHOD","XX","YY","1","1","OK+I","mds	(method)",,,,
260,"Octaword","OCTAWORD","Same","Keep","undef","O","O","O","O","1","1","CAST+N+I","%	(a)",,,,
261,"OctawordUnsigned","OCTAWORD_UNSIGNED","Same","Keep","undef","OU","OU","OU","OU","1","1","CAST+N+I","%	(a)",,,,
262,"OnError","ON_ERROR","OnError","undef","undef","XX","YY","XX","YY","1","1","OK","(a,b..) a, on (error) b",,,,
263,"OpcodeBuiltin","OPCODE_BUILTIN","Trim","undef","OpcodeBuiltin","WU","L","T","T","1","1","OK","(opcode)",,,,
264,"OpcodeString","OPCODE_STRING","Trim","undef","OpcodeString","WU","L","T","T","1","1","OK","(opcode)",,,,
265,"Fopen","FOPEN","Fopen","undef","undef","T","T","L","L","2","254","OK+U","%cc	unit=(file,mode,[arg..])",,,,
266,"Optional","OPTIONAL","Else","undef","undef","XX","YY","XX","YY","1","1","MODIFA+N","OPTIONAL a",,,,
267,"Or","OR","Same","Land","Or","BU","O","VV","VV","2","2","LOR+N","%	(v,w)	v||w	v.OR.w",,,,
268,"OrNot","OR_NOT","Same","Land","OrNot","BU","O","VV","VV","2","2","LOR+N","%	(v,w)	v.OR..NOT.w",,,,
269,"Out","OUT","Else","undef","undef","XX","YY","XX","YY","1","1","MODIFA+N","OUT a	write only",,,,
270,"Pack","PACK","Pack","undef","undef","XX","YY","XX","YY","2","3","OK","f9	(a,mask,[vector])",,,,
271,"PhaseOf","PHASE_OF","PhaseOf","undef","undef"," ACTION","DISPATCH","T","T","1","1","OK+I","mds	(dispatch)",,,,
272,"PostDec","POST_DEC","PostDec","undef","undef","BU","HC","BU","HC","1","1","INC+S+U","%cc	a--",,,,
273,"PostInc","POST_INC","PostInc","undef","undef","BU","HC","BU","HC","1","1","INC+S+U","%cc	a++",,,,
274,"Power","POWER","Same","Power","Power","BU","HC","BU","HC","2","2","POWER+S","%	a^b a**b",,,,
275,"Present","PRESENT","Present","undef","undef","XX","YY","VV","VV","1","1","OK","f9	(a)",,,,
276,"PreDec","PRE_DEC","PreDec","undef","undef","BU","HC","BU","HC","1","1","INC+S+U","%cc	--a",,,,
277,"PreInc","PRE_INC","PreInc","undef","undef","BU","HC","BU","HC","1","1","INC+S+U","%cc	++a",,,,
278,"Private","PRIVATE","Private","undef","undef","T","T","XX","YY","1","1","MODIF+N","PRIVATE a",,,,
279,"ProcedureOf","PROCEDURE_OF","ProcedureOf","undef","undef","PROCEDURE","PROCEDURE","XX","YY","1","1","OK+I","mds	(procedure)",,,,
280,"Product","PRODUCT","Trans","Mask3","Product","BU","HC","BU","HC","1","3","OK","f9	(array,[dim],[mask])",,,,
281,"ProgramOf","PROGRAM_OF","ProgramOf","undef","undef"," PROGRAM","PROGRAM","XX","YY","1","1","OK+I","mds	(program)",,,,
282,"Project","PROJECT","Project","undef","undef","XX","YY","XX","YY","3","4","OK","(arr,mask,field,[dim])",,,,
283,"Promote","PROMOTE","Promote","undef","undef","XX","YY","XX","YY","2","2","PROMO+S+U","ncopies@b",,,,
284,"Public","PUBLIC","Public","undef","undef","T","T","XX","YY","1","1","MODIF+N","PUBLIC a",,,,
285,"Quadword","QUADWORD","Same","Keep","undef","Q","Q","Q","Q","1","1","CAST+N+I","%	(a)",,,,
286,"QuadwordUnsigned","QUADWORD_UNSIGNED","Same","Keep","undef","QU","QU","QU","QU","1","1","CAST+N+I","%	(a)",,,,
287,"QualifiersOf","QUALIFIERS_OF","QualifiersOf","undef","undef"," CONGLOM","CONGLOM","XX","YY","1","1","OK+I","mds	(conglom)",,,,
288,"Radix","RADIX","Scalar","Any","Radix","BU","HC","L","L","1","1","OK","f9	(model)",,,,
289,"Ramp","RAMP","Array","undef","Ramp","XX","YY","L","L","0","2","OK+U","([size],[kind])",,,,
290,"Random","RANDOM","Array","undef","Random","XX","YY","FLOAT","F","0","2","OK+U","f9var ([size],[kind])",,,,
291,"RandomSeed","RANDOM_SEED","RandomSeed","undef","undef","L","L","L","L","0","1","OK+U","f9var ([put])",,,,
292,"DtypeRange","DTYPE_RANGE","DtypeRange","undef","undef","BU","HC","BU","HC","2","3","RANGE+S+U","%	a:b:[c] a..b..[c]",,,,
293,"Rank","RANK","Scalar","Any","Rank","XX","YY","L","L","1","1","OK","fex	(a)",,,,
294,"RawOf","RAW_OF","RawOf","undef","undef"," SIGNAL","SIGNAL","XX","YY","1","1","OK+I","mds	(signal)",,,,
295,"Read","READ","Read","undef","undef","XX","YY","T","T","1","1","OK","%	(unit|*,fmt|*,arg...)",,,,
296,"Real","REAL","Same","Real","undef","F","H","F","H","1","2","OK+I","f9	(a,[kind])",,,,
297,"Rebin","REBIN","Rebin","undef","undef","BU","HC","BU","HC","2","4","OK","(a,size1,...)",,,,
298,"Ref","REF","Else","undef","undef","XX","YY","XX","YY","1","1","OK","vax	(any)",,,,
299,"Repeat","REPEAT","Same","Repeat","Repeat","T","T","T","T","2","2","OK+U","f9	(string,ncopies)",,,,
300,"Replicate","REPLICATE","Trans","Sign","Replicate","XX","YY","XX","YY","3","3","OK+U","fex	(array,dim,ncopies)",,,,
301,"Reshape","RESHAPE","Reshape","undef","undef","XX","YY","XX","YY","2","4","OK","f9	(dimvec,a,[pad],[order])",,,,
302,"Return","RETURN","Return","undef","undef","XX","YY","XX","YY","0","1","RETURN+N+U","%cc (expr);",,,,
303,"Rewind","REWIND","Rewind","undef","undef","L","L","L","L","1","1","OK+U","%f9	(unit)",,,,
304,"Rms","RMS","Trans","Mask3","Rms","F","HC","F","H","1","3","OK","(array,[dim],[mask])",,,,
305,"RoutineOf","ROUTINE_OF","RoutineOf","undef","undef"," FUNCTION","ROUTINE","T","T","1","1","OK+I","mds	(ext_fun routine)",,,,
306,"RrSpacing","RRSPACING","Same","Keep","RrSpacing","F","HC","F","HC","1","1","OK","f9	(x)",,,,
307,"Scale","SCALE","Same","Long2","Scale","F","HC","F","HC","2","2","OK","f9	(r,i)",,,,
308,"Scan","SCAN","Same","Ttb","Scan","T","T","SUBSCRIPT","SUBSCRIPT","2","3","OK","f9	(string,set,[back])",,,,
309,"Fseek","FSEEK","Fseek","undef","undef","L","L","L","L","1","3","OK+U","%cc	(unit,[offset],[origin])",,,,
310,"SetExponent","SET_EXPONENT","Same","Long2","SetExponent","F","HC","F","HC","2","2","OK","f9	(x,i)",,,,
311,"SetRange","SET_RANGE","SetRange","undef","undef","XX","YY","XX","YY","2","1+MAX_DIMS","OK+I","%	(range...,name)",,,,
312,"Ishft","ISHFT","Same","Shft","Ishft","BU","O","BU","O","2","2","OK","f9	(a,shift)",,,,
313,"Ishftc","ISHFTC","Same","Shft","Ishftc","BU","O","BU","O","3","3","OK","f9	(a,shift,size)",,,,
314,"ShiftLeft","SHIFT_LEFT","Same","Shft","ShiftLeft","BU","O","BU","O","2","2","SHIFT+S","%cc	i<<j",,,,
315,"ShiftRight","SHIFT_RIGHT","Same","Shft","ShiftRight","BU","O","BU","O","2","2","SHIFT+S","%cc	i>>j sign=signed",,,,
316,"Sign","SIGN","Same","Sign","Sign","BU","HC","BU","HC","2","2","OK","f9	(a,b)",,,,
317,"Signed","SIGNED","Same","Keep","undef","B","O","B","O","1","1","CAST+N+I","%	(a)",,,,
318,"Sin","SIN","Same","NoHc","Sin","F","HC","F","HC","1","1","OK","f9	(x) ",,,,
319,"Sind","SIND","Same","None","Sind","F","HC","F","HC","1","1","OK","vax	(x)",,,,
320,"Sinh","SINH","Same","None","Sinh","F","HC","F","HC","1","1","OK","f9	(x)",,,,
321,"SizeOf","SIZEOF","Scalar","Any","SizeOf","XX","YY","L","L","1","1","SIZEOF+N","%ccmod (expr)",,,,
322,"SlopeOf","SLOPE_OF","SlopeOf","undef","undef","SLOPE","RANGE","BU","HC","1","2","OK+I","mds	(slope range,[n])",,,,
323,"Smooth","SMOOTH","Same","Long2","Smooth","BU","HC","BU","HC","2","2","OK","(a,width)",,,,
324,"Solve","SOLVE","Matrix","Divide","Solve","F","HC","F","HC","2","2","OK","(right,matrix)",,,,
325,"SortVal","SORTVAL","SortVal","undef","undef","T","HC","T","HC","1","2","OK","(array,[upcase])",,,,
326,"Spacing","SPACING","Same","Keep","Spacing","F","HC","F","HC","1","1","OK","f9	(x)",,,,
327,"Spawn","SPAWN","Spawn","undef","undef","T","T","L","L","0","3","OK+U","vax	(cmd,input,output)",,,,
328,"Spread","SPREAD","Trans","Sign","Spread","XX","YY","XX","YY","3","3","OK","f9	(a,dim,ncopies)",,,,
329,"Sqrt","SQRT","Same","NoHc","Sqrt","F","HC","F","HC","1","1","OK","f9	(z)",,,,
330,"Square","SQUARE","Same","Square","Square","BU","HC","BU","HC","1","1","OK","(z) a**2",,,,
331,"Statement","STATEMENT","Statement","undef","undef","XX","YY","XX","YY","0","254","OK+S","%cc	{a;..} evl&forget..null",,,,
332,"StdDev","STD_DEV","Trans","Mask3","StdDev","F","HC","F","HC","1","3","OK","(array,[dim],[mask])",,,,
333,"String","STRING","String","undef","undef","XX","YY","T","T","1","254","OK","(a,...[format])",,,,
334,"StringOpcode","STRING_OPCODE","Same","None","StringOpcode","T","T","W","W","1","1","OK","mds	(string)",,,,
335,"Subscript","SUBSCRIPT","Subscript","undef","undef","XX","YY","XX","YY","1","1+MAX_DIMS","OK+S","%cc a[b..] range list sig",,,,
336,"Subtract","SUBTRACT","Same","Add","Subtract","BU","HC","BU","HC","2","2","ADD+S","%	a-b",,,,
337,"Sum","SUM","Trans","Mask3","Sum","BU","HC","BU","HC","1","3","OK","f9	(array,[dim],[mask])",,,,
338,"Switch","SWITCH","Switch","undef","undef","XX","YY","XX","YY","2","254","SWITCH+N","%cc SWITCH(expr)stmt",,,,
339,"SystemClock","SYSTEM_CLOCK","Same","None","SystemClock","XX","YY","L","L","1","1","OK+U","f9variant (string)",,,,
340,"Tan","TAN","Same","None","Tan","F","HC","F","HC","1","1","OK","(x)",,,,
341,"Tand","TAND","Same","None","Tand","F","HC","F","HC","1","1","OK","vax	(x)",,,,
342,"Tanh","TANH","Same","None","Tanh","F","HC","F","HC","1","1","OK","f9	(x)",,,,
343,"TaskOf","TASK_OF","TaskOf","undef","undef","ACTION","ACTION","PROGRAM","METHOD","1","1","OK+I","mds	(action)",,,,
344,"Text","TEXT","Same","Text","undef","BU","T","T","T","1","2","OK","(a,[length])",,,,
345,"TimeoutOf","TIME_OUT_OF","TimeoutOf","undef","undef"," PROGRAM","METHOD","XX","YY","1","1","OK+I","mds	(prog rout proc meth)",,,,
346,"Tiny","TINY","Scalar","Keep","Tiny","F","HC","F","H","1","1","OK","f9	(model)",,,,
347,"Transfer","TRANSFER","Transfer","undef","undef","XX","YY","XX","YY","2","3","OK","f9	(a,mold,[size])",,,,
348,"Transpose_","TRANSPOSE_","Matrix","undef","Transpose","XX","YY","XX","YY","1","1","OK","f9	(matrix) 2D",,,,
349,"Trim","TRIM","Trim","undef","Trim","T","T","T","T","1","1","OK","f9	(string)",,,,
350,"UnaryMinus","UNARY_MINUS","Same","Keep","UnaryMinus","BU","HC","B","HC","1","1","UNARY+I+S","%	-a",,,,
351,"UnaryPlus","UNARY_PLUS","Same","Keep","undef","BU","HC","B","HC","1","1","UNARY+I+S","%	+a",,,,
352,"Union","UNION","Union","undef","undef","XX","YY","XX","YY","0","254","OK","(a,b)",,,,
353,"Units","UNITS","Units","undef","undef","XX","YY","T","T","1","1","OK","mds	(with_units none)",,,,
354,"UnitsOf","UNITS_OF","UnitsOf","undef","undef"," WITH_UNITS","WITH_UNITS","UNITS","UNITS","1","1","OK+I","mds	(with_units)",,,,
355,"Unpack","UNPACK","Unpack","undef","undef","XX","YY","XX","YY","3","3","OK","f9	(vector,mask,field)",,,,
356,"Unsigned","UNSIGNED","Same","Keep","undef","BU","OU","BU","OU","1","1","CAST+N+I","%	(a)",,,,
357,"Val","VAL","Else","undef","undef","L","L","XX","YY","1","1","OK","vax	(long)",,,,
358,"ValidationOf","VALIDATION_OF","ValidationOf","undef","undef"," PARAM","PARAM","XX","YY","1","1","OK+I","mds	(param)",,,,
359,"ValueOf","VALUE_OF","ValueOf","undef","undef","XX","YY","XX","YY","1","1","OK+I","mds	(param signal wind VMS)",,,,
360,"Var","VAR","Var","undef","undef","T","T","XX","YY","1","2","OK+U","(string,[exp]) variable",,,,
361,"Vector","VECTOR","Vector","undef","undef","XX","YY","XX","YY","0","254","OK+I+S","%f9+ [a..z1:z2:dz..n@[this]]",,,,
362,"Verify","VERIFY","Same","Ttb","Verify","BU","T","SUBSCRIPT","SUBSCRIPT","2","3","OK","f9	(string,set,[back])",,,,
363,"Wait","WAIT","Wait","undef","undef","F","F","F","F","1","1","OK+U","(seconds)",,,,
364,"WhenOf","WHEN_OF","WhenOf","undef","undef"," ACTION","DISPATCH","XX","YY","1","1","OK+I","mds	(dispatch)",,,,
365,"Where","WHERE","Where","undef","undef","XX","YY","XX","YY","2","3","WHERE+N","%f9	WHERE(expr)stmtELSEWHERE",,,,
366,"While","WHILE","While","undef","undef","XX","YY","XX","YY","2","254","WHILE+N","%cc	WHILE(expr)stmt",,,,
367,"WindowOf","WINDOW_OF","WindowOf","undef","undef","DIMENSION","DIMENSION","WINDOW","WINDOW","1","1","OK+I","mds	(dimension)",,,,
368,"Word","WORD","Same","Keep","undef","W","W","W","W","1","1","CAST+N+I","%	(a) (signed short)",,,,
369,"WordUnsigned","WORD_UNSIGNED","Same","Keep","undef","WU","WU","WU","WU","1","1","CAST+N+I","%	(a) (unsigned short)",,,,
370,"Write","WRITE","Write","undef","undef","XX","YY","L","L","1","254","OK+U","%	(unit|*,arg...)",,,,
371,"Zero","ZERO","Array","undef","Zero","XX","YY","FLOAT","F","0","2","OK+U","([size],[kind])",,,,
372,"2Pi","$2PI","Constant","undef","2Pi","F","HC","F","HC","0","0","CONST","twice pi",,,,
373,"Narg","$NARG","Constant","undef","Narg","L","L","L","L","0","0","CONST","FUN number of arguments",,,,
374,"Element","ELEMENT","Same","Element","Element","BU","T","T","T","3","3","OK","dcl	(position,delim,string)",,,,
375,"RcDroop","RC_DROOP","Trans","Sign","RcDroop","F","HC","F","HC","3","3","OK","(x,dim,rc-time)",,,,
376,"ResetPrivate","RESET_PRIVATE","ResetPrivate","undef","undef","XX","YY","XX","YY","0","0","OK+U","mds	()",,,,
377,"ResetPublic","RESET_PUBLIC","ResetPublic","undef","undef","XX","YY","XX","YY","0","0","OK+U","mds	()",,,,
378,"ShowPrivate","SHOW_PRIVATE","ShowPrivate","undef","undef","XX","YY","XX","YY","0","254","OK+U","mds	([list...])",,,,
379,"ShowPublic","SHOW_PUBLIC","ShowPublic","undef","undef","XX","YY","XX","YY","0","254","OK+U","mds	([list...])",,,,
380,"ShowVm","SHOW_VM","ShowVm","undef","undef","L","L","XX","YY","0","2","OK+U","vax	(print_option, mask)",,,,
381,"Translate","TRANSLATE","Same","Adjust","Translate","T","T","T","T","3","3","OK","vax	(string,translat,match)",,,,
382,"TransposeMul","TRANSPOSE_MUL","Matrix","undef","TransposeMul","BU","FC","BU","FC","2","2","OK","(a,b)	(a+)*b",,,,
383,"Upcase","UPCASE","Same","Adjust","Upcase","T","T","T","T","1","1","OK","(string)",,,,
384,"Using","USING","Using","undef","undef","XX","YY","XX","YY","2","4","USING+N","mds	(exp,[def],[sht],[expt])",,,,
385,"Validation","VALIDATION","Validation","undef","undef","PARAM","PARAM","XX","YY","1","1","OK","mds	(param)	data(val_of())",,,,
386,"MdsDefault","$DEFAULT","Trim","undef","MdsDefault","XX","YY","T","T","0","0","CONST","mds	tree path",,,,
387,"Expt","$EXPT","Trim","undef","Expt","XX","YY","T","T","0","0","CONST","mds	experiment name",,,,
388,"Shot","$SHOT","Trim","undef","Shot","L","L","L","L","0","0","CONST","mds	shot number",,,,
389,"GetDbi","GETDBI","GetDbi","undef","undef","T","T","T","BU","1","2","OK","mds	(string,[index])",,,,
390,"Cull","CULL","Cull","undef","undef","XX","YY","XX","YY","1","4","OK","mds	(arr dim,[dim],[sub],upc)",,,,
391,"Extend","EXTEND","Extend","undef","undef","XX","YY","XX","YY","1","4","OK","mds	(arr dim,[dim],[sub],upc)",,,,
392,"ItoX","I_TO_X","ItoX","undef","undef","T","HC","T","HC","1","2","OK","mds	(dimension,[indices])",,,,
393,"XtoI","X_TO_I","ItoX","undef","undef","T","HC","T","HC","1","2","OK","mds	(dimension,[axis_pts])",,,,
394,"Map","MAP","Map","undef","undef","SUBSCRIPT","SUBSCRIPT","XX","YY","2","2","OK","mds	(array,indices)",,,,
395,"CompileDependency","COMPILE_DEPENDENCY","CompileDependency","undef","undef","T","T","DEPENDENCY","DEPENDENCY","1","1","OK+I","mds	(text)",,,,
396,"DecompileDependency","DECOMPILE_DEPENDENCY","DecompileDependency","undef","undef","DEPENDENCY","DEPENDENCY","T","T","1","1","OK+I","mds	(dependency)",,,,
397,"BuildCall","BUILD_CALL","Build","undef","undef","XX","YY","CALL","BU","3","254","OK+I","mds	(type,imag,rout,[arg]..)",,,,
398,"ErrorlogsOf","ERRORLOGS_OF","ErrorlogsOf","undef","undef"," ACTION","ACTION","XX","YY","1","1","OK+I","mds	(action)",,,,
399,"PerformanceOf","PERFORMANCE_OF","PerformanceOf","undef","undef"," ACTION","ACTION","XX","YY","1","1","OK+I","mds	(action)",,,,
400,"Xd","XD","Else","undef","undef","XX","YY","DSC","DSC","1","1","OK","mds	(any)",,,,
401,"ConditionOf","CONDITION_OF","ConditionOf","undef","undef","CONDITION","CONDITION","XX","YY","1","1","OK+I","mds	(condition)",,,,
402,"Sort","SORT","Sort","undef","undef","T","HC","SUBSCRIPT","SUBSCRIPT","1","2","OK","(array,[upcase])",,,,
403,"This","$THIS","This","undef","undef","XX","YY","XX","YY","0","0","CONST","mds	signal param or dimen",,,,
404,"DataWithUnits","DATA_WITH_UNITS","DataWithUnits","undef","undef","XX","YY","XX","YY","1","1","OK+I","mds	(any)",,,,
405,"Atm","$ATM","Constant","undef","P0","F","HC","F","HC","0","0","CONST","atmospheric pressure",,,,
406,"Epsilon0","$EPSILON0","Constant","undef","Epsilon0","F","HC","F","HC","0","0","CONST","permitivity of vacuum",,,,
407,"Gn","$GN","Constant","undef","Gn","F","HC","F","HC","0","0","CONST","acceleration of gravity",,,,
408,"Mu0","$MU0","Constant","undef","Mu0","F","HC","F","HC","0","0","CONST","permeability of vacuum",,,,
409,"Extract","EXTRACT","Same","Extract","Extract","BU","T","T","T","3","3","OK","dcl	(start,length,string)",,,,
410,"Finite","FINITE","Same","Any","Finite","T","HC","VV","VV","1","1","OK","idl	(a)",,,,
411,"BitSize","BIT_SIZE","Scalar","Keep","BitSize","BU","HC","L","L","1","1","OK","f9+ (i)",,,,
412,"Modulo","MODULO","Same","Add","Modulo","BU","HC","BU","HC","2","2","MUL+N","f9	(a,p)",,,,
413,"SelectedIntKind","SELECTED_INT_KIND","Scalar","Any","SelectedIntKind","BU","HC","L","L","1","1","OK","f9	(r)",,,,
414,"SelectedRealKind","SELECTED_REAL_KIND","Scalar","Any","SelectedRealKind","BU","HC","L","L","1","2","OK","f9	(p,r)",,,,
415,"Dsql","DSQL","Dsql","undef","undef","XX","YY","L","L","1","254","OK+U","(string,in,...outs,...)",,,,
416,"Isql","ISQL","Isql","undef","undef","T","T","L","L","1","1","OK+U","(string)",,,,
417,"Ftell","FTELL","Ftell","undef","undef","L","L","L","L","1","1","OK+U","%cc	pos=(unit)",,,,
418,"MakeAction","MAKE_ACTION","Make","undef","undef","XX","YY","ACTION","ACTION","2","5","OK+I","mds	(dis,task,err,comp,perf)",,,,
419,"MakeCondition","MAKE_CONDITION","Make","undef","undef","XX","YY","CONDITION","WU","2","2","OK+I","mds	(opcode,condition)",,,,
420,"MakeConglom","MAKE_CONGLOM","Make","undef","undef","XX","YY","CONGLOM","CONGLOM","4","4","OK+I","mds	(image,model,name,qual)",,,,
421,"MakeDependency","MAKE_DEPENDENCY","Make","undef","undef","XX","YY","DEPENDENCY","WU","3","3","OK+I","mds	(opcode,arg1,arg2)",,,,
422,"MakeDim","MAKE_DIM","Make","undef","undef","XX","YY","DIMENSION","DIMENSION","2","2","OK+I","mds	(window,axis)",,,,
423,"MakeDispatch","MAKE_DISPATCH","Make","undef","undef","XX","YY","DISPATCH","BU","5","5","OK+I","mds	(type,id,phase,when,com)",,,,
424,"MakeFunction","MAKE_FUNCTION","Make","undef","undef","XX","YY","FUNCTION","WU","1","254","OK+I","mds	(opcode,[arguments...])",,,,
425,"MakeMethod","MAKE_METHOD","Make","undef","undef","XX","YY","METHOD","METHOD","3","254","OK+I","mds	(timeout,method,obj,...)",,,,
426,"MakeParam","MAKE_PARAM","Make","undef","undef","XX","YY","PARAM","PARAM","3","3","OK+I","mds	(value,help,validation)",,,,
427,"MakeProcedure","MAKE_PROCEDURE","Make","undef","undef","XX","YY","PROCEDURE","PROCEDURE","3","254","OK+I","mds	(timeout,lang,proc,...)",,,,
428,"MakeProgram","MAKE_PROGRAM","Make","undef","undef","XX","YY","PROGRAM","PROGRAM","2","2","OK+I","mds	(timeout,program)",,,,
429,"MakeRange","MAKE_RANGE","Make","undef","undef","XX","YY","RANGE","RANGE","2","3","OK+I","mds	([low],[high],[step])",,,,
430,"MakeRoutine","MAKE_ROUTINE","Make","undef","undef","XX","YY","ROUTINE","ROUTINE","3","254","OK+I","mds	(timeout,image,rout,..)",,,,
431,"MakeSignal","MAKE_SIGNAL","Make","undef","undef","XX","YY","SIGNAL","SIGNAL","2","2+MAX_DIMS","OK+I","mds	(data,raw,[dim...])",,,,
432,"MakeWindow","MAKE_WINDOW","Make","undef","undef","XX","YY","WINDOW","WINDOW","3","3","OK+I","mds	(istart,iend,x_at_0)",,,,
433,"MakeWithUnits","MAKE_WITH_UNITS","Make","undef","undef","XX","YY","WITH_UNITS","WITH_UNITS","2","2","OK+I","mds	(data,units)",,,,
434,"MakeCall","MAKE_CALL","Make","undef","undef","XX","YY","CALL","BU","3","254","OK+I","mds	(type,imag,rout,[arg]..)",,,,
435,"ClassOf","CLASS_OF","ClassOf","undef","undef","XX","YY","BU","BU","1","1","OK","vms	(any)",,,,
436,"DscptrOf","DSCPTR_OF","DscptrOf","undef","undef","XX","YY","XX","YY","1","2","OK+I","mds	(any_class_R,[num])",,,,
437,"KindOf","KIND_OF","KindOf","undef","undef","XX","YY","BU","BU","1","1","OK","mds	(any)",,,,
438,"NdescOf","NDESC_OF","NdescOf","undef","undef","PARAM","WITH_ERROR","BU","BU","1","1","OK","mds	(class_R)",,,,
439,"Accumulate","ACCUMULATE","Trans","Mask3","Accumulate","BU","HC","BU","HC","1","3","OK","(x,[dim],[mask])",,,,
440,"MakeSlope","MAKE_SLOPE","Make","undef","undef","XX","YY","SLOPE","SLOPE","1","254","OK+I","mds	(slope,[begin,end]...)",,,,
441,"Rem","REM","Rem","undef","undef","XX","YY","XX","YY","1","254","OK+U","(any,...)",,,,
442,"CompletionMessageOf","COMPLETION_MESSAGE_OF","CompletionMessageOf","undef","undef","ACTION","ACTION","XX","YY","1","1","OK+I","mds	(dispatch)",,,,
443,"InterruptOf","INTERRUPT_OF","InterruptOf","undef","undef","ACTION","DISPATCH","T","T","1","1","OK+I","mds	(dispatch)",,,,
444,"Shotname","$SHOTNAME","Trim","undef","Shotname","T","T","T","T","0","0","CONST","mds	shot number",,,,
445,"BuildWithError","BUILD_WITH_ERROR","Build"," undef","undef","XX","YY","WITH_ERROR","WITH_ERROR","2","2","OK+I","mds	(data,error)",,,,
446,"ErrorOf","ERROR_OF","ErrorOf"," undef","undef","WITH_ERROR","WITH_ERROR","XX","YY","1","1","OK+I","mds	(with_error)",,,,
447,"MakeWithError","MAKE_WITH_ERROR","Make","undef","undef","XX","YY","WITH_ERROR","WITH_ERROR","2","2","OK+I","mds	(data,error)",,,,
448,"DoTask","DO_TASK","DoTask"," undef","undef","ACTION","METHOD","XX","XX","1","1","OK","mds	(routine/method)",,,,
449,"IsqlSet","ISQL_SET","IsqlSet"," undef","undef","L","L","XX","YY","1","3","OK+U","(width,head)",,,,
450,"FS_float","FS_FLOAT","Same","Keep","undef","FS","FS","FS","FS","1","1","CAST+N+I","%	(a)",,,,
451,"FS_complex","FS_COMPLEX","Same","Cmplx","Complex","FS","FS","FSC","FSC","1","2","CAST+N+I","%	(x,y)",,,,
452,"FT_float","FT_FLOAT","Same","Keep","undef","FT","FT","FT","FT","1","1","CAST+N+I","%	(a)",,,,
453,"FT_complex","FT_COMPLEX","Same","Cmplx","Complex","FT","FT","FTC","FTC","1","2","CAST+N+I","%	(x,y)",,,,
454,"BuildOpaque","BUILD_OPAQUE","Build","undef","undef","XX","YY","OPAQUE","OPAQUE","2","2","OK+I","mds (data,type_string)",,,,
455,"MakeOpaque","MAKE_OPAQUE","Make","undef","undef","XX","YY","OPAQUE","OPAQUE","2","2","OK+I","mds (data,type_string)",,,,
456,"Dict","DICT","Dict","undef","undef","XX","YY","XX","YY","0","254","OK+I+S","%f9+ [a..z1:z2:dz..n@[this]]",,,,
457,"Tuple","TUPLE","Tuple","undef","undef","XX","YY","XX","YY","0","254","OK+I+S","%f9+ [a..z1:z2:dz..n@[this]]",,,,
458,"List","LIST","List","undef","undef","XX","YY","XX","YY","0","254","OK+I+S","%f9+ [a..z1:z2:dz..n@[this]]459,"Squeeze","SQUEEZE","Reshape","undef","undef","XX","YY","XX","YY","1","2","OK","%f9+ squeeze(array, [min ndim]) ",,,,
460,"Flatten","FLATTEN","Reshape","undef","undef","XX","YY","XX","YY","1","1","OK","%f9+ flatten(array) ",,,,